,price,state,prev_state,latest_uptrend,latest_downtrend,latest_rally,latest_reaction,latest_second_rally,latest_second_reaction,redline_uptrend,redline_reaction,blackline_downtrend,blackline_rally,Date
0,330.0601501464844,,downtrend,,,,,,,,,,,2020-08-19
1,331.0877990722656,downtrend,downtrend,,331.0877990722656,,,,,,,,,2020-08-20
2,332.2622985839844,downtrend,downtrend,,331.0877990722656,,,,,,,,,2020-08-21
3,335.629150390625,rally,downtrend,,331.0877990722656,335.629150390625,,,,,,331.0877990722656,,2020-08-24
4,336.8036499023437,rally,rally,,331.0877990722656,336.8036499023437,,,,,,331.0877990722656,,2020-08-25
5,340.1803283691406,rally,rally,,331.0877990722656,340.1803283691406,,,,,,331.0877990722656,,2020-08-26
6,340.92413330078125,rally,rally,,331.0877990722656,340.92413330078125,,,,,,331.0877990722656,,2020-08-27
7,343.12628173828125,rally,rally,,331.0877990722656,343.12628173828125,,,,,,331.0877990722656,,2020-08-28
8,341.88330078125,rally,rally,,331.0877990722656,343.12628173828125,,,,,,331.0877990722656,,2020-08-31
9,345.10333251953125,rally,rally,,331.0877990722656,345.10333251953125,,,,,,331.0877990722656,,2020-09-01
10,350.09490966796875,rally,rally,,331.0877990722656,350.09490966796875,,,,,,331.0877990722656,,2020-09-02
11,338.0466613769531,reaction,rally,,331.0877990722656,350.09490966796875,338.0466613769531,,,,,331.0877990722656,350.09490966796875,2020-09-03
12,335.28662109375,reaction,reaction,,331.0877990722656,350.09490966796875,335.28662109375,,,,,331.0877990722656,350.09490966796875,2020-09-04
13,326.1255798339844,downtrend,reaction,,326.1255798339844,350.09490966796875,335.28662109375,,,,,331.0877990722656,350.09490966796875,2020-09-08
14,332.5657043457031,rally,downtrend,,326.1255798339844,332.5657043457031,335.28662109375,,,,335.28662109375,326.1255798339844,350.09490966796875,2020-09-09
15,326.7911682128906,reaction,rally,,326.1255798339844,332.5657043457031,326.7911682128906,,,,335.28662109375,326.1255798339844,332.5657043457031,2020-09-10
16,326.9575500488281,downtrend,reaction,,326.9575500488281,332.5657043457031,326.7911682128906,,,,335.28662109375,326.1255798339844,332.5657043457031,2020-09-11
17,331.26397705078125,rally,downtrend,,326.9575500488281,331.26397705078125,326.7911682128906,,,,326.7911682128906,326.9575500488281,332.5657043457031,2020-09-14
18,332.9376525878906,rally,rally,,326.9575500488281,332.9376525878906,326.7911682128906,,,,326.7911682128906,326.9575500488281,332.5657043457031,2020-09-15
19,331.6163330078125,rally,rally,,326.9575500488281,332.9376525878906,326.7911682128906,,,,326.7911682128906,326.9575500488281,332.5657043457031,2020-09-16
20,328.69970703125,second_reaction,rally,,326.9575500488281,332.9376525878906,326.7911682128906,,328.69970703125,,326.7911682128906,326.9575500488281,332.5657043457031,2020-09-17
21,324.9154663085937,reaction,second_reaction,,326.9575500488281,332.9376525878906,324.9154663085937,,328.69970703125,,326.7911682128906,326.9575500488281,332.9376525878906,2020-09-18
22,321.29931640625,downtrend,reaction,,321.29931640625,332.9376525878906,324.9154663085937,,328.69970703125,,326.7911682128906,326.9575500488281,332.9376525878906,2020-09-21
23,324.571533203125,rally,downtrend,,321.29931640625,324.571533203125,324.9154663085937,,328.69970703125,,324.9154663085937,321.29931640625,332.9376525878906,2020-09-22
24,317.0444030761719,reaction,rally,,321.29931640625,324.571533203125,317.0444030761719,,328.69970703125,,324.9154663085937,321.29931640625,324.571533203125,2020-09-23
25,317.8894348144531,downtrend,reaction,,317.8894348144531,324.571533203125,317.0444030761719,,328.69970703125,,324.9154663085937,321.29931640625,324.571533203125,2020-09-24
26,323.0287780761719,rally,downtrend,,317.8894348144531,323.0287780761719,317.0444030761719,,328.69970703125,,317.0444030761719,317.8894348144531,324.571533203125,2020-09-25
27,328.3940734863281,uptrend,rally,328.3940734863281,317.8894348144531,323.0287780761719,317.0444030761719,,328.69970703125,,317.0444030761719,317.8894348144531,324.571533203125,2020-09-28
28,326.60565185546875,uptrend,uptrend,328.3940734863281,317.8894348144531,323.0287780761719,317.0444030761719,,328.69970703125,,317.0444030761719,317.8894348144531,324.571533203125,2020-09-29
29,329.0819702148437,uptrend,uptrend,329.0819702148437,317.8894348144531,323.0287780761719,317.0444030761719,,328.69970703125,,317.0444030761719,317.8894348144531,324.571533203125,2020-09-30
30,331.19464111328125,uptrend,uptrend,331.19464111328125,317.8894348144531,323.0287780761719,317.0444030761719,,328.69970703125,,317.0444030761719,317.8894348144531,324.571533203125,2020-10-01
31,328.0501403808594,reaction,uptrend,331.19464111328125,317.8894348144531,323.0287780761719,328.0501403808594,,328.69970703125,331.19464111328125,317.0444030761719,317.8894348144531,323.0287780761719,2020-10-02
32,333.8674621582031,rally,reaction,331.19464111328125,317.8894348144531,333.8674621582031,328.0501403808594,,328.69970703125,331.19464111328125,328.0501403808594,317.8894348144531,323.0287780761719,2020-10-05
33,329.1212158203125,uptrend,rally,329.1212158203125,317.8894348144531,333.8674621582031,328.0501403808594,,328.69970703125,331.19464111328125,328.0501403808594,317.8894348144531,323.0287780761719,2020-10-06
34,334.85015869140625,uptrend,uptrend,334.85015869140625,317.8894348144531,333.8674621582031,328.0501403808594,,328.69970703125,331.19464111328125,328.0501403808594,317.8894348144531,323.0287780761719,2020-10-07
35,337.8177795410156,uptrend,uptrend,337.8177795410156,317.8894348144531,333.8674621582031,328.0501403808594,,328.69970703125,331.19464111328125,328.0501403808594,317.8894348144531,323.0287780761719,2020-10-08
36,340.8345031738281,uptrend,uptrend,340.8345031738281,317.8894348144531,333.8674621582031,328.0501403808594,,328.69970703125,331.19464111328125,328.0501403808594,317.8894348144531,323.0287780761719,2020-10-09
37,346.3177490234375,uptrend,uptrend,346.3177490234375,317.8894348144531,333.8674621582031,328.0501403808594,,328.69970703125,331.19464111328125,328.0501403808594,317.8894348144531,323.0287780761719,2020-10-12
38,344.0576477050781,reaction,uptrend,346.3177490234375,317.8894348144531,333.8674621582031,344.0576477050781,,328.69970703125,346.3177490234375,328.0501403808594,317.8894348144531,333.8674621582031,2020-10-13
39,341.8957824707031,reaction,reaction,346.3177490234375,317.8894348144531,333.8674621582031,341.8957824707031,,328.69970703125,346.3177490234375,328.0501403808594,317.8894348144531,333.8674621582031,2020-10-14
40,341.4732360839844,reaction,reaction,346.3177490234375,317.8894348144531,333.8674621582031,341.4732360839844,,328.69970703125,346.3177490234375,328.0501403808594,317.8894348144531,333.8674621582031,2020-10-15
41,341.26690673828125,reaction,reaction,346.3177490234375,317.8894348144531,333.8674621582031,341.26690673828125,,328.69970703125,346.3177490234375,328.0501403808594,317.8894348144531,333.8674621582031,2020-10-16
42,336.0784606933594,reaction,reaction,346.3177490234375,317.8894348144531,333.8674621582031,336.0784606933594,,328.69970703125,346.3177490234375,328.0501403808594,317.8894348144531,333.8674621582031,2020-10-19
43,337.4246826171875,reaction,reaction,346.3177490234375,317.8894348144531,333.8674621582031,336.0784606933594,,328.69970703125,346.3177490234375,328.0501403808594,317.8894348144531,333.8674621582031,2020-10-20
44,336.78594970703125,reaction,reaction,346.3177490234375,317.8894348144531,333.8674621582031,336.0784606933594,,328.69970703125,346.3177490234375,328.0501403808594,317.8894348144531,333.8674621582031,2020-10-21
45,338.63336181640625,rally,reaction,346.3177490234375,317.8894348144531,338.63336181640625,336.0784606933594,,328.69970703125,346.3177490234375,336.0784606933594,317.8894348144531,333.8674621582031,2020-10-22
46,339.7830505371094,uptrend,rally,339.7830505371094,317.8894348144531,338.63336181640625,336.0784606933594,,328.69970703125,346.3177490234375,336.0784606933594,317.8894348144531,333.8674621582031,2020-10-23
47,333.50390625,reaction,uptrend,339.7830505371094,317.8894348144531,338.63336181640625,333.50390625,,328.69970703125,339.7830505371094,336.0784606933594,317.8894348144531,338.63336181640625,2020-10-26
48,332.3541564941406,downtrend,reaction,339.7830505371094,332.3541564941406,338.63336181640625,333.50390625,,328.69970703125,339.7830505371094,336.0784606933594,317.8894348144531,338.63336181640625,2020-10-27
49,320.99468994140625,downtrend,downtrend,339.7830505371094,320.99468994140625,338.63336181640625,333.50390625,,328.69970703125,339.7830505371094,336.0784606933594,317.8894348144531,338.63336181640625,2020-10-28
50,324.2571105957031,rally,downtrend,339.7830505371094,320.99468994140625,324.2571105957031,333.50390625,,328.69970703125,339.7830505371094,333.50390625,320.99468994140625,338.63336181640625,2020-10-29
51,320.87677001953125,reaction,rally,339.7830505371094,320.99468994140625,324.2571105957031,320.87677001953125,,328.69970703125,339.7830505371094,333.50390625,320.99468994140625,324.2571105957031,2020-10-30
52,324.4732971191406,downtrend,reaction,339.7830505371094,324.4732971191406,324.2571105957031,320.87677001953125,,328.69970703125,339.7830505371094,333.50390625,320.99468994140625,324.2571105957031,2020-11-02
53,330.2021789550781,rally,downtrend,339.7830505371094,324.4732971191406,330.2021789550781,320.87677001953125,,328.69970703125,339.7830505371094,320.87677001953125,324.4732971191406,324.2571105957031,2020-11-03
54,337.5819091796875,uptrend,rally,337.5819091796875,324.4732971191406,330.2021789550781,320.87677001953125,,328.69970703125,339.7830505371094,320.87677001953125,324.4732971191406,324.2571105957031,2020-11-04
55,344.1656799316406,uptrend,uptrend,344.1656799316406,324.4732971191406,330.2021789550781,320.87677001953125,,328.69970703125,339.7830505371094,320.87677001953125,324.4732971191406,324.2571105957031,2020-11-05
56,344.08709716796875,uptrend,uptrend,344.1656799316406,324.4732971191406,330.2021789550781,320.87677001953125,,328.69970703125,339.7830505371094,320.87677001953125,324.4732971191406,324.2571105957031,2020-11-06
57,348.4107971191406,uptrend,uptrend,348.4107971191406,324.4732971191406,330.2021789550781,320.87677001953125,,328.69970703125,339.7830505371094,320.87677001953125,324.4732971191406,324.2571105957031,2020-11-09
58,347.8998107910156,uptrend,uptrend,348.4107971191406,324.4732971191406,330.2021789550781,320.87677001953125,,328.69970703125,339.7830505371094,320.87677001953125,324.4732971191406,324.2571105957031,2020-11-10
59,350.4842224121094,uptrend,uptrend,350.4842224121094,324.4732971191406,330.2021789550781,320.87677001953125,,328.69970703125,339.7830505371094,320.87677001953125,324.4732971191406,324.2571105957031,2020-11-11
60,347.08416748046875,reaction,uptrend,350.4842224121094,324.4732971191406,330.2021789550781,347.08416748046875,,328.69970703125,350.4842224121094,320.87677001953125,324.4732971191406,330.2021789550781,2020-11-12
61,351.8893737792969,rally,reaction,350.4842224121094,324.4732971191406,351.8893737792969,347.08416748046875,,328.69970703125,350.4842224121094,347.08416748046875,324.4732971191406,330.2021789550781,2020-11-13
62,356.2818908691406,uptrend,rally,356.2818908691406,324.4732971191406,351.8893737792969,347.08416748046875,,328.69970703125,350.4842224121094,347.08416748046875,324.4732971191406,330.2021789550781,2020-11-16
63,354.3656921386719,uptrend,uptrend,356.2818908691406,324.4732971191406,351.8893737792969,347.08416748046875,,328.69970703125,350.4842224121094,347.08416748046875,324.4732971191406,330.2021789550781,2020-11-17
64,350.1009521484375,reaction,uptrend,356.2818908691406,324.4732971191406,351.8893737792969,350.1009521484375,,328.69970703125,356.2818908691406,347.08416748046875,324.4732971191406,351.8893737792969,2020-11-18
65,351.5749206542969,reaction,reaction,356.2818908691406,324.4732971191406,351.8893737792969,350.1009521484375,,328.69970703125,356.2818908691406,347.08416748046875,324.4732971191406,351.8893737792969,2020-11-19
66,349.1673889160156,reaction,reaction,356.2818908691406,324.4732971191406,351.8893737792969,349.1673889160156,,328.69970703125,356.2818908691406,347.08416748046875,324.4732971191406,351.8893737792969,2020-11-20
67,351.2604675292969,second_rally,reaction,356.2818908691406,324.4732971191406,351.8893737792969,349.1673889160156,351.2604675292969,328.69970703125,356.2818908691406,347.08416748046875,324.4732971191406,351.8893737792969,2020-11-23
68,356.92059326171875,rally,second_rally,356.2818908691406,324.4732971191406,356.92059326171875,349.1673889160156,351.2604675292969,328.69970703125,356.2818908691406,349.1673889160156,324.4732971191406,351.8893737792969,2020-11-24
69,356.37030029296875,uptrend,rally,356.37030029296875,324.4732971191406,356.92059326171875,349.1673889160156,351.2604675292969,328.69970703125,356.2818908691406,349.1673889160156,324.4732971191406,351.8893737792969,2020-11-25
70,357.36279296875,uptrend,uptrend,357.36279296875,324.4732971191406,356.92059326171875,349.1673889160156,351.2604675292969,328.69970703125,356.2818908691406,349.1673889160156,324.4732971191406,351.8893737792969,2020-11-27
71,355.7807312011719,uptrend,uptrend,357.36279296875,324.4732971191406,356.92059326171875,349.1673889160156,351.2604675292969,328.69970703125,356.2818908691406,349.1673889160156,324.4732971191406,351.8893737792969,2020-11-30
72,359.6720275878906,uptrend,uptrend,359.6720275878906,324.4732971191406,356.92059326171875,349.1673889160156,351.2604675292969,328.69970703125,356.2818908691406,349.1673889160156,324.4732971191406,351.8893737792969,2020-12-01
73,360.4286804199219,uptrend,uptrend,360.4286804199219,324.4732971191406,356.92059326171875,349.1673889160156,351.2604675292969,328.69970703125,356.2818908691406,349.1673889160156,324.4732971191406,351.8893737792969,2020-12-02
74,360.3304443359375,uptrend,uptrend,360.4286804199219,324.4732971191406,356.92059326171875,349.1673889160156,351.2604675292969,328.69970703125,356.2818908691406,349.1673889160156,324.4732971191406,351.8893737792969,2020-12-03
75,363.43560791015625,uptrend,uptrend,363.43560791015625,324.4732971191406,356.92059326171875,349.1673889160156,351.2604675292969,328.69970703125,356.2818908691406,349.1673889160156,324.4732971191406,351.8893737792969,2020-12-04
76,362.6888122558594,uptrend,uptrend,363.43560791015625,324.4732971191406,356.92059326171875,349.1673889160156,351.2604675292969,328.69970703125,356.2818908691406,349.1673889160156,324.4732971191406,351.8893737792969,2020-12-07
77,363.7500915527344,uptrend,uptrend,363.7500915527344,324.4732971191406,356.92059326171875,349.1673889160156,351.2604675292969,328.69970703125,356.2818908691406,349.1673889160156,324.4732971191406,351.8893737792969,2020-12-08
78,360.4876403808594,reaction,uptrend,363.7500915527344,324.4732971191406,356.92059326171875,360.4876403808594,351.2604675292969,328.69970703125,363.7500915527344,349.1673889160156,324.4732971191406,356.92059326171875,2020-12-09
79,360.3697204589844,reaction,reaction,363.7500915527344,324.4732971191406,356.92059326171875,360.3697204589844,351.2604675292969,328.69970703125,363.7500915527344,349.1673889160156,324.4732971191406,356.92059326171875,2020-12-10
80,359.9472045898437,reaction,reaction,363.7500915527344,324.4732971191406,356.92059326171875,359.9472045898437,351.2604675292969,328.69970703125,363.7500915527344,349.1673889160156,324.4732971191406,356.92059326171875,2020-12-11
81,358.3356628417969,reaction,reaction,363.7500915527344,324.4732971191406,356.92059326171875,358.3356628417969,351.2604675292969,328.69970703125,363.7500915527344,349.1673889160156,324.4732971191406,356.92059326171875,2020-12-14
82,363.18011474609375,rally,reaction,363.7500915527344,324.4732971191406,363.18011474609375,358.3356628417969,351.2604675292969,328.69970703125,363.7500915527344,358.3356628417969,324.4732971191406,356.92059326171875,2020-12-15
83,363.7500915527344,uptrend,rally,363.7500915527344,324.4732971191406,363.18011474609375,358.3356628417969,351.2604675292969,328.69970703125,363.7500915527344,358.3356628417969,324.4732971191406,356.92059326171875,2020-12-16
84,365.7841491699219,uptrend,uptrend,365.7841491699219,324.4732971191406,363.18011474609375,358.3356628417969,351.2604675292969,328.69970703125,363.7500915527344,358.3356628417969,324.4732971191406,356.92059326171875,2020-12-17
85,364.3236083984375,uptrend,uptrend,365.7841491699219,324.4732971191406,363.18011474609375,358.3356628417969,351.2604675292969,328.69970703125,363.7500915527344,358.3356628417969,324.4732971191406,356.92059326171875,2020-12-18
86,363.02099609375,reaction,uptrend,365.7841491699219,324.4732971191406,363.18011474609375,363.02099609375,351.2604675292969,328.69970703125,365.7841491699219,358.3356628417969,324.4732971191406,363.18011474609375,2020-12-21
87,362.4091491699219,reaction,reaction,365.7841491699219,324.4732971191406,363.18011474609375,362.4091491699219,351.2604675292969,328.69970703125,365.7841491699219,358.3356628417969,324.4732971191406,363.18011474609375,2020-12-22
88,362.7348327636719,reaction,reaction,365.7841491699219,324.4732971191406,363.18011474609375,362.4091491699219,351.2604675292969,328.69970703125,365.7841491699219,358.3356628417969,324.4732971191406,363.18011474609375,2020-12-23
89,364.14599609375,reaction,reaction,365.7841491699219,324.4732971191406,363.18011474609375,362.4091491699219,351.2604675292969,328.69970703125,365.7841491699219,358.3356628417969,324.4732971191406,363.18011474609375,2020-12-24
90,367.2742919921875,rally,reaction,365.7841491699219,324.4732971191406,367.2742919921875,362.4091491699219,351.2604675292969,328.69970703125,365.7841491699219,362.4091491699219,324.4732971191406,363.18011474609375,2020-12-28
91,366.5736389160156,uptrend,rally,366.5736389160156,324.4732971191406,367.2742919921875,362.4091491699219,351.2604675292969,328.69970703125,365.7841491699219,362.4091491699219,324.4732971191406,363.18011474609375,2020-12-29
92,367.0966796875,uptrend,uptrend,367.0966796875,324.4732971191406,367.2742919921875,362.4091491699219,351.2604675292969,328.69970703125,365.7841491699219,362.4091491699219,324.4732971191406,363.18011474609375,2020-12-30
93,368.9617919921875,uptrend,uptrend,368.9617919921875,324.4732971191406,367.2742919921875,362.4091491699219,351.2604675292969,328.69970703125,365.7841491699219,362.4091491699219,324.4732971191406,363.18011474609375,2020-12-31
94,363.9387817382813,reaction,uptrend,368.9617919921875,324.4732971191406,367.2742919921875,363.9387817382813,351.2604675292969,328.69970703125,368.9617919921875,362.4091491699219,324.4732971191406,367.2742919921875,2021-01-04
95,366.4453125,second_rally,reaction,368.9617919921875,324.4732971191406,367.2742919921875,363.9387817382813,366.4453125,328.69970703125,368.9617919921875,362.4091491699219,324.4732971191406,367.2742919921875,2021-01-05
96,368.6361083984375,rally,second_rally,368.9617919921875,324.4732971191406,368.6361083984375,363.9387817382813,366.4453125,328.69970703125,368.9617919921875,363.9387817382813,324.4732971191406,367.2742919921875,2021-01-06
97,374.1131286621094,uptrend,rally,374.1131286621094,324.4732971191406,368.6361083984375,363.9387817382813,366.4453125,328.69970703125,368.9617919921875,363.9387817382813,324.4732971191406,367.2742919921875,2021-01-07
98,376.2447204589844,uptrend,uptrend,376.2447204589844,324.4732971191406,368.6361083984375,363.9387817382813,366.4453125,328.69970703125,368.9617919921875,363.9387817382813,324.4732971191406,367.2742919921875,2021-01-08
99,373.7085266113281,reaction,uptrend,376.2447204589844,324.4732971191406,368.6361083984375,373.7085266113281,366.4453125,328.69970703125,376.2447204589844,363.9387817382813,324.4732971191406,368.6361083984375,2021-01-11
100,373.7874755859375,reaction,reaction,376.2447204589844,324.4732971191406,368.6361083984375,373.7085266113281,366.4453125,328.69970703125,376.2447204589844,363.9387817382813,324.4732971191406,368.6361083984375,2021-01-12
101,374.7940673828125,reaction,reaction,376.2447204589844,324.4732971191406,368.6361083984375,373.7085266113281,366.4453125,328.69970703125,376.2447204589844,363.9387817382813,324.4732971191406,368.6361083984375,2021-01-13
102,373.4815673828125,reaction,reaction,376.2447204589844,324.4732971191406,368.6361083984375,373.4815673828125,366.4453125,328.69970703125,376.2447204589844,363.9387817382813,324.4732971191406,368.6361083984375,2021-01-14
103,370.75787353515625,reaction,reaction,376.2447204589844,324.4732971191406,368.6361083984375,370.75787353515625,366.4453125,328.69970703125,376.2447204589844,363.9387817382813,324.4732971191406,368.6361083984375,2021-01-15
104,373.6690673828125,rally,reaction,376.2447204589844,324.4732971191406,373.6690673828125,370.75787353515625,366.4453125,328.69970703125,376.2447204589844,370.75787353515625,324.4732971191406,368.6361083984375,2021-01-19
105,378.8401489257813,uptrend,rally,378.8401489257813,324.4732971191406,373.6690673828125,370.75787353515625,366.4453125,328.69970703125,376.2447204589844,370.75787353515625,324.4732971191406,368.6361083984375,2021-01-20
106,379.1855163574219,uptrend,uptrend,379.1855163574219,324.4732971191406,373.6690673828125,370.75787353515625,366.4453125,328.69970703125,376.2447204589844,370.75787353515625,324.4732971191406,368.6361083984375,2021-01-21
107,377.8434143066406,uptrend,uptrend,379.1855163574219,324.4732971191406,373.6690673828125,370.75787353515625,366.4453125,328.69970703125,376.2447204589844,370.75787353515625,324.4732971191406,368.6361083984375,2021-01-22
108,379.3335571289063,uptrend,uptrend,379.3335571289063,324.4732971191406,373.6690673828125,370.75787353515625,366.4453125,328.69970703125,376.2447204589844,370.75787353515625,324.4732971191406,368.6361083984375,2021-01-25
109,378.7414855957031,uptrend,uptrend,379.3335571289063,324.4732971191406,373.6690673828125,370.75787353515625,366.4453125,328.69970703125,376.2447204589844,370.75787353515625,324.4732971191406,368.6361083984375,2021-01-26
110,369.4848327636719,reaction,uptrend,379.3335571289063,324.4732971191406,373.6690673828125,369.4848327636719,366.4453125,328.69970703125,379.3335571289063,370.75787353515625,324.4732971191406,373.6690673828125,2021-01-27
111,372.6624755859375,second_rally,reaction,379.3335571289063,324.4732971191406,373.6690673828125,369.4848327636719,372.6624755859375,328.69970703125,379.3335571289063,370.75787353515625,324.4732971191406,373.6690673828125,2021-01-28
112,365.2019348144531,reaction,second_rally,379.3335571289063,324.4732971191406,373.6690673828125,365.2019348144531,372.6624755859375,328.69970703125,379.3335571289063,370.75787353515625,324.4732971191406,373.6690673828125,2021-01-29
113,371.2809143066406,second_rally,reaction,379.3335571289063,324.4732971191406,373.6690673828125,365.2019348144531,371.2809143066406,328.69970703125,379.3335571289063,370.75787353515625,324.4732971191406,373.6690673828125,2021-02-01
114,376.5308837890625,rally,second_rally,379.3335571289063,324.4732971191406,376.5308837890625,365.2019348144531,371.2809143066406,328.69970703125,379.3335571289063,365.2019348144531,324.4732971191406,373.6690673828125,2021-02-02
115,376.8269958496094,uptrend,rally,376.8269958496094,324.4732971191406,376.5308837890625,365.2019348144531,371.2809143066406,328.69970703125,379.3335571289063,365.2019348144531,324.4732971191406,373.6690673828125,2021-02-03
116,381.1098937988281,uptrend,uptrend,381.1098937988281,324.4732971191406,376.5308837890625,365.2019348144531,371.2809143066406,328.69970703125,379.3335571289063,365.2019348144531,324.4732971191406,373.6690673828125,2021-02-04
117,382.60986328125,uptrend,uptrend,382.60986328125,324.4732971191406,376.5308837890625,365.2019348144531,371.2809143066406,328.69970703125,379.3335571289063,365.2019348144531,324.4732971191406,373.6690673828125,2021-02-05
118,385.3730163574219,uptrend,uptrend,385.3730163574219,324.4732971191406,376.5308837890625,365.2019348144531,371.2809143066406,328.69970703125,379.3335571289063,365.2019348144531,324.4732971191406,373.6690673828125,2021-02-08
119,385.116455078125,uptrend,uptrend,385.3730163574219,324.4732971191406,376.5308837890625,365.2019348144531,371.2809143066406,328.69970703125,379.3335571289063,365.2019348144531,324.4732971191406,373.6690673828125,2021-02-09
120,384.9486999511719,uptrend,uptrend,385.3730163574219,324.4732971191406,376.5308837890625,365.2019348144531,371.2809143066406,328.69970703125,379.3335571289063,365.2019348144531,324.4732971191406,373.6690673828125,2021-02-10
121,385.5704040527344,uptrend,uptrend,385.5704040527344,324.4732971191406,376.5308837890625,365.2019348144531,371.2809143066406,328.69970703125,379.3335571289063,365.2019348144531,324.4732971191406,373.6690673828125,2021-02-11
122,387.47503662109375,uptrend,uptrend,387.47503662109375,324.4732971191406,376.5308837890625,365.2019348144531,371.2809143066406,328.69970703125,379.3335571289063,365.2019348144531,324.4732971191406,373.6690673828125,2021-02-12
123,387.1394958496094,uptrend,uptrend,387.47503662109375,324.4732971191406,376.5308837890625,365.2019348144531,371.2809143066406,328.69970703125,379.3335571289063,365.2019348144531,324.4732971191406,373.6690673828125,2021-02-16
124,387.2283630371094,uptrend,uptrend,387.47503662109375,324.4732971191406,376.5308837890625,365.2019348144531,371.2809143066406,328.69970703125,379.3335571289063,365.2019348144531,324.4732971191406,373.6690673828125,2021-02-17
125,385.5802917480469,uptrend,uptrend,387.47503662109375,324.4732971191406,376.5308837890625,365.2019348144531,371.2809143066406,328.69970703125,379.3335571289063,365.2019348144531,324.4732971191406,373.6690673828125,2021-02-18
126,384.89935302734375,reaction,uptrend,387.47503662109375,324.4732971191406,376.5308837890625,384.89935302734375,371.2809143066406,328.69970703125,387.47503662109375,365.2019348144531,324.4732971191406,376.5308837890625,2021-02-19
127,381.9388122558594,reaction,reaction,387.47503662109375,324.4732971191406,376.5308837890625,381.9388122558594,371.2809143066406,328.69970703125,387.47503662109375,365.2019348144531,324.4732971191406,376.5308837890625,2021-02-22
128,382.4026184082031,reaction,reaction,387.47503662109375,324.4732971191406,376.5308837890625,381.9388122558594,371.2809143066406,328.69970703125,387.47503662109375,365.2019348144531,324.4732971191406,376.5308837890625,2021-02-23
129,386.6164855957031,rally,reaction,387.47503662109375,324.4732971191406,386.6164855957031,381.9388122558594,371.2809143066406,328.69970703125,387.47503662109375,381.9388122558594,324.4732971191406,376.5308837890625,2021-02-24
130,377.3006591796875,reaction,rally,387.47503662109375,324.4732971191406,386.6164855957031,377.3006591796875,371.2809143066406,328.69970703125,387.47503662109375,381.9388122558594,324.4732971191406,386.6164855957031,2021-02-25
131,375.3565673828125,downtrend,reaction,387.47503662109375,375.3565673828125,386.6164855957031,377.3006591796875,371.2809143066406,328.69970703125,387.47503662109375,381.9388122558594,324.4732971191406,386.6164855957031,2021-02-26
132,384.4552612304688,rally,downtrend,387.47503662109375,375.3565673828125,384.4552612304688,377.3006591796875,371.2809143066406,328.69970703125,387.47503662109375,377.3006591796875,375.3565673828125,386.6164855957031,2021-03-01
133,381.455322265625,second_reaction,rally,387.47503662109375,375.3565673828125,384.4552612304688,377.3006591796875,371.2809143066406,381.455322265625,387.47503662109375,377.3006591796875,375.3565673828125,386.6164855957031,2021-03-02
134,376.4026184082031,reaction,second_reaction,387.47503662109375,375.3565673828125,384.4552612304688,376.4026184082031,371.2809143066406,381.455322265625,387.47503662109375,377.3006591796875,375.3565673828125,384.4552612304688,2021-03-03
135,371.7446899414063,downtrend,reaction,387.47503662109375,371.7446899414063,384.4552612304688,376.4026184082031,371.2809143066406,381.455322265625,387.47503662109375,377.3006591796875,375.3565673828125,384.4552612304688,2021-03-04
136,378.5835571289063,rally,downtrend,387.47503662109375,371.7446899414063,378.5835571289063,376.4026184082031,371.2809143066406,381.455322265625,387.47503662109375,376.4026184082031,371.7446899414063,384.4552612304688,2021-03-05
137,376.69866943359375,rally,rally,387.47503662109375,371.7446899414063,378.5835571289063,376.4026184082031,371.2809143066406,381.455322265625,387.47503662109375,376.4026184082031,371.7446899414063,384.4552612304688,2021-03-08
138,382.0769653320313,rally,rally,387.47503662109375,371.7446899414063,382.0769653320313,376.4026184082031,371.2809143066406,381.455322265625,387.47503662109375,376.4026184082031,371.7446899414063,384.4552612304688,2021-03-09
139,384.4552612304688,rally,rally,387.47503662109375,371.7446899414063,384.4552612304688,376.4026184082031,371.2809143066406,381.455322265625,387.47503662109375,376.4026184082031,371.7446899414063,384.4552612304688,2021-03-10
140,388.3533325195313,uptrend,rally,388.3533325195313,371.7446899414063,384.4552612304688,376.4026184082031,371.2809143066406,381.455322265625,387.47503662109375,376.4026184082031,371.7446899414063,384.4552612304688,2021-03-11
141,388.8763732910156,uptrend,uptrend,388.8763732910156,371.7446899414063,384.4552612304688,376.4026184082031,371.2809143066406,381.455322265625,387.47503662109375,376.4026184082031,371.7446899414063,384.4552612304688,2021-03-12
142,391.1954040527344,uptrend,uptrend,391.1954040527344,371.7446899414063,384.4552612304688,376.4026184082031,371.2809143066406,381.455322265625,387.47503662109375,376.4026184082031,371.7446899414063,384.4552612304688,2021-03-15
143,390.7020263671875,uptrend,uptrend,391.1954040527344,371.7446899414063,384.4552612304688,376.4026184082031,371.2809143066406,381.455322265625,387.47503662109375,376.4026184082031,371.7446899414063,384.4552612304688,2021-03-16
144,392.0342712402344,uptrend,uptrend,392.0342712402344,371.7446899414063,384.4552612304688,376.4026184082031,371.2809143066406,381.455322265625,387.47503662109375,376.4026184082031,371.7446899414063,384.4552612304688,2021-03-17
145,386.330322265625,reaction,uptrend,392.0342712402344,371.7446899414063,384.4552612304688,386.330322265625,371.2809143066406,381.455322265625,392.0342712402344,376.4026184082031,371.7446899414063,384.4552612304688,2021-03-18
146,385.6154479980469,reaction,reaction,392.0342712402344,371.7446899414063,384.4552612304688,385.6154479980469,371.2809143066406,381.455322265625,392.0342712402344,376.4026184082031,371.7446899414063,384.4552612304688,2021-03-19
147,388.6946105957031,rally,reaction,392.0342712402344,371.7446899414063,388.6946105957031,385.6154479980469,371.2809143066406,381.455322265625,392.0342712402344,385.6154479980469,371.7446899414063,384.4552612304688,2021-03-22
148,385.63525390625,uptrend,rally,385.63525390625,371.7446899414063,388.6946105957031,385.6154479980469,371.2809143066406,381.455322265625,392.0342712402344,385.6154479980469,371.7446899414063,384.4552612304688,2021-03-23
149,383.6748962402344,uptrend,uptrend,385.63525390625,371.7446899414063,388.6946105957031,385.6154479980469,371.2809143066406,381.455322265625,392.0342712402344,385.6154479980469,371.7446899414063,384.4552612304688,2021-03-24
150,385.8332824707031,uptrend,uptrend,385.8332824707031,371.7446899414063,388.6946105957031,385.6154479980469,371.2809143066406,381.455322265625,392.0342712402344,385.6154479980469,371.7446899414063,384.4552612304688,2021-03-25
151,392.0509643554688,uptrend,uptrend,392.0509643554688,371.7446899414063,388.6946105957031,385.6154479980469,371.2809143066406,381.455322265625,392.0342712402344,385.6154479980469,371.7446899414063,384.4552612304688,2021-03-26
152,391.85296630859375,uptrend,uptrend,392.0509643554688,371.7446899414063,388.6946105957031,385.6154479980469,371.2809143066406,381.455322265625,392.0342712402344,385.6154479980469,371.7446899414063,384.4552612304688,2021-03-29
153,390.8133544921875,uptrend,uptrend,392.0509643554688,371.7446899414063,388.6946105957031,385.6154479980469,371.2809143066406,381.455322265625,392.0342712402344,385.6154479980469,371.7446899414063,384.4552612304688,2021-03-30
154,392.3974914550781,uptrend,uptrend,392.3974914550781,371.7446899414063,388.6946105957031,385.6154479980469,371.2809143066406,381.455322265625,392.0342712402344,385.6154479980469,371.7446899414063,384.4552612304688,2021-03-31
155,396.635009765625,uptrend,uptrend,396.635009765625,371.7446899414063,388.6946105957031,385.6154479980469,371.2809143066406,381.455322265625,392.0342712402344,385.6154479980469,371.7446899414063,384.4552612304688,2021-04-01
156,402.3279418945313,uptrend,uptrend,402.3279418945313,371.7446899414063,388.6946105957031,385.6154479980469,371.2809143066406,381.455322265625,392.0342712402344,385.6154479980469,371.7446899414063,384.4552612304688,2021-04-05
157,402.09033203125,uptrend,uptrend,402.3279418945313,371.7446899414063,388.6946105957031,385.6154479980469,371.2809143066406,381.455322265625,392.0342712402344,385.6154479980469,371.7446899414063,384.4552612304688,2021-04-06
158,402.55572509765625,uptrend,uptrend,402.55572509765625,371.7446899414063,388.6946105957031,385.6154479980469,371.2809143066406,381.455322265625,392.0342712402344,385.6154479980469,371.7446899414063,384.4552612304688,2021-04-07
159,404.4665222167969,uptrend,uptrend,404.4665222167969,371.7446899414063,388.6946105957031,385.6154479980469,371.2809143066406,381.455322265625,392.0342712402344,385.6154479980469,371.7446899414063,384.4552612304688,2021-04-08
160,407.4070434570313,uptrend,uptrend,407.4070434570313,371.7446899414063,388.6946105957031,385.6154479980469,371.2809143066406,381.455322265625,392.0342712402344,385.6154479980469,371.7446899414063,384.4552612304688,2021-04-09
161,407.55560302734375,uptrend,uptrend,407.55560302734375,371.7446899414063,388.6946105957031,385.6154479980469,371.2809143066406,381.455322265625,392.0342712402344,385.6154479980469,371.7446899414063,384.4552612304688,2021-04-12
162,408.7634582519531,uptrend,uptrend,408.7634582519531,371.7446899414063,388.6946105957031,385.6154479980469,371.2809143066406,381.455322265625,392.0342712402344,385.6154479980469,371.7446899414063,384.4552612304688,2021-04-13
163,407.3674621582031,uptrend,uptrend,408.7634582519531,371.7446899414063,388.6946105957031,385.6154479980469,371.2809143066406,381.455322265625,392.0342712402344,385.6154479980469,371.7446899414063,384.4552612304688,2021-04-14
164,411.74359130859375,uptrend,uptrend,411.74359130859375,371.7446899414063,388.6946105957031,385.6154479980469,371.2809143066406,381.455322265625,392.0342712402344,385.6154479980469,371.7446899414063,384.4552612304688,2021-04-15
165,413.1198120117188,uptrend,uptrend,413.1198120117188,371.7446899414063,388.6946105957031,385.6154479980469,371.2809143066406,381.455322265625,392.0342712402344,385.6154479980469,371.7446899414063,384.4552612304688,2021-04-16
166,411.0901794433594,reaction,uptrend,413.1198120117188,371.7446899414063,388.6946105957031,411.0901794433594,371.2809143066406,381.455322265625,413.1198120117188,385.6154479980469,371.7446899414063,388.6946105957031,2021-04-19
167,408.080322265625,reaction,reaction,413.1198120117188,371.7446899414063,388.6946105957031,408.080322265625,371.2809143066406,381.455322265625,413.1198120117188,385.6154479980469,371.7446899414063,388.6946105957031,2021-04-20
168,411.9416198730469,rally,reaction,413.1198120117188,371.7446899414063,411.9416198730469,408.080322265625,371.2809143066406,381.455322265625,413.1198120117188,408.080322265625,371.7446899414063,388.6946105957031,2021-04-21
169,408.1793212890625,uptrend,rally,408.1793212890625,371.7446899414063,411.9416198730469,408.080322265625,371.2809143066406,381.455322265625,413.1198120117188,408.080322265625,371.7446899414063,388.6946105957031,2021-04-22
170,412.60498046875,uptrend,uptrend,412.60498046875,371.7446899414063,411.9416198730469,408.080322265625,371.2809143066406,381.455322265625,413.1198120117188,408.080322265625,371.7446899414063,388.6946105957031,2021-04-23
171,413.46630859375,uptrend,uptrend,413.46630859375,371.7446899414063,411.9416198730469,408.080322265625,371.2809143066406,381.455322265625,413.1198120117188,408.080322265625,371.7446899414063,388.6946105957031,2021-04-26
172,413.3772583007813,uptrend,uptrend,413.46630859375,371.7446899414063,411.9416198730469,408.080322265625,371.2809143066406,381.455322265625,413.1198120117188,408.080322265625,371.7446899414063,388.6946105957031,2021-04-27
173,413.2583923339844,uptrend,uptrend,413.46630859375,371.7446899414063,411.9416198730469,408.080322265625,371.2809143066406,381.455322265625,413.1198120117188,408.080322265625,371.7446899414063,388.6946105957031,2021-04-28
174,415.89202880859375,uptrend,uptrend,415.89202880859375,371.7446899414063,411.9416198730469,408.080322265625,371.2809143066406,381.455322265625,413.1198120117188,408.080322265625,371.7446899414063,388.6946105957031,2021-04-29
175,413.1593933105469,reaction,uptrend,415.89202880859375,371.7446899414063,411.9416198730469,413.1593933105469,371.2809143066406,381.455322265625,415.89202880859375,408.080322265625,371.7446899414063,411.9416198730469,2021-04-30
176,414.0505065917969,reaction,reaction,415.89202880859375,371.7446899414063,411.9416198730469,413.1593933105469,371.2809143066406,381.455322265625,415.89202880859375,408.080322265625,371.7446899414063,411.9416198730469,2021-05-03
177,411.49609375,reaction,reaction,415.89202880859375,371.7446899414063,411.9416198730469,411.49609375,371.2809143066406,381.455322265625,415.89202880859375,408.080322265625,371.7446899414063,411.9416198730469,2021-05-04
178,411.6248168945313,reaction,reaction,415.89202880859375,371.7446899414063,411.9416198730469,411.49609375,371.2809143066406,381.455322265625,415.89202880859375,408.080322265625,371.7446899414063,411.9416198730469,2021-05-05
179,414.911865234375,rally,reaction,415.89202880859375,371.7446899414063,414.911865234375,411.49609375,371.2809143066406,381.455322265625,415.89202880859375,411.49609375,371.7446899414063,411.9416198730469,2021-05-06
180,417.93157958984375,uptrend,rally,417.93157958984375,371.7446899414063,414.911865234375,411.49609375,371.2809143066406,381.455322265625,415.89202880859375,411.49609375,371.7446899414063,411.9416198730469,2021-05-07
181,413.7930603027344,reaction,uptrend,417.93157958984375,371.7446899414063,414.911865234375,413.7930603027344,371.2809143066406,381.455322265625,417.93157958984375,411.49609375,371.7446899414063,414.911865234375,2021-05-10
182,410.1000671386719,downtrend,reaction,417.93157958984375,410.1000671386719,414.911865234375,413.7930603027344,371.2809143066406,381.455322265625,417.93157958984375,411.49609375,371.7446899414063,414.911865234375,2021-05-11
183,401.3873901367188,downtrend,downtrend,417.93157958984375,401.3873901367188,414.911865234375,413.7930603027344,371.2809143066406,381.455322265625,417.93157958984375,411.49609375,371.7446899414063,414.911865234375,2021-05-12
184,406.2090759277344,rally,downtrend,417.93157958984375,401.3873901367188,406.2090759277344,413.7930603027344,371.2809143066406,381.455322265625,417.93157958984375,413.7930603027344,401.3873901367188,414.911865234375,2021-05-13
185,412.446533203125,rally,rally,417.93157958984375,401.3873901367188,412.446533203125,413.7930603027344,371.2809143066406,381.455322265625,417.93157958984375,413.7930603027344,401.3873901367188,414.911865234375,2021-05-14
186,411.3970642089844,rally,rally,417.93157958984375,401.3873901367188,412.446533203125,413.7930603027344,371.2809143066406,381.455322265625,417.93157958984375,413.7930603027344,401.3873901367188,414.911865234375,2021-05-17
187,407.8526306152344,reaction,rally,417.93157958984375,401.3873901367188,412.446533203125,407.8526306152344,371.2809143066406,381.455322265625,417.93157958984375,413.7930603027344,401.3873901367188,412.446533203125,2021-05-18
188,406.7833251953125,downtrend,reaction,417.93157958984375,406.7833251953125,412.446533203125,407.8526306152344,371.2809143066406,381.455322265625,417.93157958984375,413.7930603027344,401.3873901367188,412.446533203125,2021-05-19
189,411.1594543457031,rally,downtrend,417.93157958984375,406.7833251953125,411.1594543457031,407.8526306152344,371.2809143066406,381.455322265625,417.93157958984375,407.8526306152344,406.7833251953125,412.446533203125,2021-05-20
190,410.8228454589844,rally,rally,417.93157958984375,406.7833251953125,411.1594543457031,407.8526306152344,371.2809143066406,381.455322265625,417.93157958984375,407.8526306152344,406.7833251953125,412.446533203125,2021-05-21
191,415.0108642578125,uptrend,rally,415.0108642578125,406.7833251953125,411.1594543457031,407.8526306152344,371.2809143066406,381.455322265625,417.93157958984375,407.8526306152344,406.7833251953125,412.446533203125,2021-05-24
192,414.090087890625,uptrend,uptrend,415.0108642578125,406.7833251953125,411.1594543457031,407.8526306152344,371.2809143066406,381.455322265625,417.93157958984375,407.8526306152344,406.7833251953125,412.446533203125,2021-05-25
193,414.911865234375,uptrend,uptrend,415.0108642578125,406.7833251953125,411.1594543457031,407.8526306152344,371.2809143066406,381.455322265625,417.93157958984375,407.8526306152344,406.7833251953125,412.446533203125,2021-05-26
194,415.1296997070313,uptrend,uptrend,415.1296997070313,406.7833251953125,411.1594543457031,407.8526306152344,371.2809143066406,381.455322265625,417.93157958984375,407.8526306152344,406.7833251953125,412.446533203125,2021-05-27
195,415.8722534179688,uptrend,uptrend,415.8722534179688,406.7833251953125,411.1594543457031,407.8526306152344,371.2809143066406,381.455322265625,417.93157958984375,407.8526306152344,406.7833251953125,412.446533203125,2021-05-28
196,415.50592041015625,uptrend,uptrend,415.8722534179688,406.7833251953125,411.1594543457031,407.8526306152344,371.2809143066406,381.455322265625,417.93157958984375,407.8526306152344,406.7833251953125,412.446533203125,2021-06-01
197,416.1593322753906,uptrend,uptrend,416.1593322753906,406.7833251953125,411.1594543457031,407.8526306152344,371.2809143066406,381.455322265625,417.93157958984375,407.8526306152344,406.7833251953125,412.446533203125,2021-06-02
198,414.6148376464844,uptrend,uptrend,416.1593322753906,406.7833251953125,411.1594543457031,407.8526306152344,371.2809143066406,381.455322265625,417.93157958984375,407.8526306152344,406.7833251953125,412.446533203125,2021-06-03
199,418.4068603515625,uptrend,uptrend,418.4068603515625,406.7833251953125,411.1594543457031,407.8526306152344,371.2809143066406,381.455322265625,417.93157958984375,407.8526306152344,406.7833251953125,412.446533203125,2021-06-04
200,418.0008850097656,uptrend,uptrend,418.4068603515625,406.7833251953125,411.1594543457031,407.8526306152344,371.2809143066406,381.455322265625,417.93157958984375,407.8526306152344,406.7833251953125,412.446533203125,2021-06-07
201,418.0900268554688,uptrend,uptrend,418.4068603515625,406.7833251953125,411.1594543457031,407.8526306152344,371.2809143066406,381.455322265625,417.93157958984375,407.8526306152344,406.7833251953125,412.446533203125,2021-06-08
202,417.46624755859375,uptrend,uptrend,418.4068603515625,406.7833251953125,411.1594543457031,407.8526306152344,371.2809143066406,381.455322265625,417.93157958984375,407.8526306152344,406.7833251953125,412.446533203125,2021-06-09
203,419.4067993164063,uptrend,uptrend,419.4067993164063,406.7833251953125,411.1594543457031,407.8526306152344,371.2809143066406,381.455322265625,417.93157958984375,407.8526306152344,406.7833251953125,412.446533203125,2021-06-10
204,420.0998840332031,uptrend,uptrend,420.0998840332031,406.7833251953125,411.1594543457031,407.8526306152344,371.2809143066406,381.455322265625,417.93157958984375,407.8526306152344,406.7833251953125,412.446533203125,2021-06-11
205,421.04046630859375,uptrend,uptrend,421.04046630859375,406.7833251953125,411.1594543457031,407.8526306152344,371.2809143066406,381.455322265625,417.93157958984375,407.8526306152344,406.7833251953125,412.446533203125,2021-06-14
206,420.2681884765625,uptrend,uptrend,421.04046630859375,406.7833251953125,411.1594543457031,407.8526306152344,371.2809143066406,381.455322265625,417.93157958984375,407.8526306152344,406.7833251953125,412.446533203125,2021-06-15
207,417.9216613769531,reaction,uptrend,421.04046630859375,406.7833251953125,411.1594543457031,417.9216613769531,371.2809143066406,381.455322265625,421.04046630859375,407.8526306152344,406.7833251953125,411.1594543457031,2021-06-16
208,417.7830810546875,reaction,reaction,421.04046630859375,406.7833251953125,411.1594543457031,417.7830810546875,371.2809143066406,381.455322265625,421.04046630859375,407.8526306152344,406.7833251953125,411.1594543457031,2021-06-17
209,412.1470336914063,reaction,reaction,421.04046630859375,406.7833251953125,411.1594543457031,412.1470336914063,371.2809143066406,381.455322265625,421.04046630859375,407.8526306152344,406.7833251953125,411.1594543457031,2021-06-18
210,418.0472717285156,rally,reaction,421.04046630859375,406.7833251953125,418.0472717285156,412.1470336914063,371.2809143066406,381.455322265625,421.04046630859375,412.1470336914063,406.7833251953125,411.1594543457031,2021-06-21
211,420.2822570800781,uptrend,rally,420.2822570800781,406.7833251953125,418.0472717285156,412.1470336914063,371.2809143066406,381.455322265625,421.04046630859375,412.1470336914063,406.7833251953125,411.1594543457031,2021-06-22
212,419.7756958007813,uptrend,uptrend,420.2822570800781,406.7833251953125,418.0472717285156,412.1470336914063,371.2809143066406,381.455322265625,421.04046630859375,412.1470336914063,406.7833251953125,411.1594543457031,2021-06-23
213,422.2589721679688,uptrend,uptrend,422.2589721679688,406.7833251953125,418.0472717285156,412.1470336914063,371.2809143066406,381.455322265625,421.04046630859375,412.1470336914063,406.7833251953125,411.1594543457031,2021-06-24
214,423.7588806152344,uptrend,uptrend,423.7588806152344,406.7833251953125,418.0472717285156,412.1470336914063,371.2809143066406,381.455322265625,421.04046630859375,412.1470336914063,406.7833251953125,411.1594543457031,2021-06-25
215,424.6131286621094,uptrend,uptrend,424.6131286621094,406.7833251953125,418.0472717285156,412.1470336914063,371.2809143066406,381.455322265625,421.04046630859375,412.1470336914063,406.7833251953125,411.1594543457031,2021-06-28
216,424.8416137695313,uptrend,uptrend,424.8416137695313,406.7833251953125,418.0472717285156,412.1470336914063,371.2809143066406,381.455322265625,421.04046630859375,412.1470336914063,406.7833251953125,411.1594543457031,2021-06-29
217,425.1991882324219,uptrend,uptrend,425.1991882324219,406.7833251953125,418.0472717285156,412.1470336914063,371.2809143066406,381.455322265625,421.04046630859375,412.1470336914063,406.7833251953125,411.1594543457031,2021-06-30
218,427.5533447265625,uptrend,uptrend,427.5533447265625,406.7833251953125,418.0472717285156,412.1470336914063,371.2809143066406,381.455322265625,421.04046630859375,412.1470336914063,406.7833251953125,411.1594543457031,2021-07-01
219,430.82135009765625,uptrend,uptrend,430.82135009765625,406.7833251953125,418.0472717285156,412.1470336914063,371.2809143066406,381.455322265625,421.04046630859375,412.1470336914063,406.7833251953125,411.1594543457031,2021-07-02
220,430.0366516113281,uptrend,uptrend,430.82135009765625,406.7833251953125,418.0472717285156,412.1470336914063,371.2809143066406,381.455322265625,421.04046630859375,412.1470336914063,406.7833251953125,411.1594543457031,2021-07-06
221,431.556396484375,uptrend,uptrend,431.556396484375,406.7833251953125,418.0472717285156,412.1470336914063,371.2809143066406,381.455322265625,421.04046630859375,412.1470336914063,406.7833251953125,411.1594543457031,2021-07-07
222,428.0400695800781,reaction,uptrend,431.556396484375,406.7833251953125,418.0472717285156,428.0400695800781,371.2809143066406,381.455322265625,431.556396484375,412.1470336914063,406.7833251953125,418.0472717285156,2021-07-08
223,432.6093444824219,rally,reaction,431.556396484375,406.7833251953125,432.6093444824219,428.0400695800781,371.2809143066406,381.455322265625,431.556396484375,428.0400695800781,406.7833251953125,418.0472717285156,2021-07-09
224,434.1589050292969,uptrend,rally,434.1589050292969,406.7833251953125,432.6093444824219,428.0400695800781,371.2809143066406,381.455322265625,431.556396484375,428.0400695800781,406.7833251953125,418.0472717285156,2021-07-12
225,432.6788635253906,uptrend,uptrend,434.1589050292969,406.7833251953125,432.6093444824219,428.0400695800781,371.2809143066406,381.455322265625,431.556396484375,428.0400695800781,406.7833251953125,418.0472717285156,2021-07-13
226,433.3245239257813,uptrend,uptrend,434.1589050292969,406.7833251953125,432.6093444824219,428.0400695800781,371.2809143066406,381.455322265625,431.556396484375,428.0400695800781,406.7833251953125,418.0472717285156,2021-07-14
227,431.844482421875,reaction,uptrend,434.1589050292969,406.7833251953125,432.6093444824219,431.844482421875,371.2809143066406,381.455322265625,434.1589050292969,428.0400695800781,406.7833251953125,432.6093444824219,2021-07-15
228,428.4572448730469,reaction,reaction,434.1589050292969,406.7833251953125,432.6093444824219,428.4572448730469,371.2809143066406,381.455322265625,434.1589050292969,428.0400695800781,406.7833251953125,432.6093444824219,2021-07-16
229,422.1298522949219,downtrend,reaction,434.1589050292969,422.1298522949219,432.6093444824219,428.4572448730469,371.2809143066406,381.455322265625,434.1589050292969,428.0400695800781,406.7833251953125,432.6093444824219,2021-07-19
230,428.17913818359375,rally,downtrend,434.1589050292969,422.1298522949219,428.17913818359375,428.4572448730469,371.2809143066406,381.455322265625,434.1589050292969,428.4572448730469,422.1298522949219,432.6093444824219,2021-07-20
231,431.6458129882813,rally,rally,434.1589050292969,422.1298522949219,431.6458129882813,428.4572448730469,371.2809143066406,381.455322265625,434.1589050292969,428.4572448730469,422.1298522949219,432.6093444824219,2021-07-21
232,432.54974365234375,rally,rally,434.1589050292969,422.1298522949219,432.54974365234375,428.4572448730469,371.2809143066406,381.455322265625,434.1589050292969,428.4572448730469,422.1298522949219,432.6093444824219,2021-07-22
233,436.9998168945313,uptrend,rally,436.9998168945313,422.1298522949219,432.54974365234375,428.4572448730469,371.2809143066406,381.455322265625,434.1589050292969,428.4572448730469,422.1298522949219,432.6093444824219,2021-07-23
234,438.0725708007813,uptrend,uptrend,438.0725708007813,422.1298522949219,432.54974365234375,428.4572448730469,371.2809143066406,381.455322265625,434.1589050292969,428.4572448730469,422.1298522949219,432.6093444824219,2021-07-26
235,436.0760192871094,uptrend,uptrend,438.0725708007813,422.1298522949219,432.54974365234375,428.4572448730469,371.2809143066406,381.455322265625,434.1589050292969,428.4572448730469,422.1298522949219,432.6093444824219,2021-07-27
236,435.8971862792969,reaction,uptrend,438.0725708007813,422.1298522949219,432.54974365234375,435.8971862792969,371.2809143066406,381.455322265625,438.0725708007813,428.4572448730469,422.1298522949219,432.54974365234375,2021-07-28
237,437.7050476074219,reaction,reaction,438.0725708007813,422.1298522949219,432.54974365234375,435.8971862792969,371.2809143066406,381.455322265625,438.0725708007813,428.4572448730469,422.1298522949219,432.54974365234375,2021-07-29
238,435.5793762207031,reaction,reaction,438.0725708007813,422.1298522949219,432.54974365234375,435.5793762207031,371.2809143066406,381.455322265625,438.0725708007813,428.4572448730469,422.1298522949219,432.54974365234375,2021-07-30
239,434.6654968261719,reaction,reaction,438.0725708007813,422.1298522949219,432.54974365234375,434.6654968261719,371.2809143066406,381.455322265625,438.0725708007813,428.4572448730469,422.1298522949219,432.54974365234375,2021-08-02
240,438.2017211914063,rally,reaction,438.0725708007813,422.1298522949219,438.2017211914063,434.6654968261719,371.2809143066406,381.455322265625,438.0725708007813,434.6654968261719,422.1298522949219,432.54974365234375,2021-08-03
241,436.0462341308594,uptrend,rally,436.0462341308594,422.1298522949219,438.2017211914063,434.6654968261719,371.2809143066406,381.455322265625,438.0725708007813,434.6654968261719,422.1298522949219,432.54974365234375,2021-08-04
242,438.8076477050781,uptrend,uptrend,438.8076477050781,422.1298522949219,438.2017211914063,434.6654968261719,371.2809143066406,381.455322265625,438.0725708007813,434.6654968261719,422.1298522949219,432.54974365234375,2021-08-05
243,439.5327453613281,uptrend,uptrend,439.5327453613281,422.1298522949219,438.2017211914063,434.6654968261719,371.2809143066406,381.455322265625,438.0725708007813,434.6654968261719,422.1298522949219,432.54974365234375,2021-08-06
244,439.1751403808594,uptrend,uptrend,439.5327453613281,422.1298522949219,438.2017211914063,434.6654968261719,371.2809143066406,381.455322265625,438.0725708007813,434.6654968261719,422.1298522949219,432.54974365234375,2021-08-09
245,439.7214660644531,uptrend,uptrend,439.7214660644531,422.1298522949219,438.2017211914063,434.6654968261719,371.2809143066406,381.455322265625,438.0725708007813,434.6654968261719,422.1298522949219,432.54974365234375,2021-08-10
246,440.8141174316406,uptrend,uptrend,440.8141174316406,422.1298522949219,438.2017211914063,434.6654968261719,371.2809143066406,381.455322265625,438.0725708007813,434.6654968261719,422.1298522949219,432.54974365234375,2021-08-11
247,442.13525390625,uptrend,uptrend,442.13525390625,422.1298522949219,438.2017211914063,434.6654968261719,371.2809143066406,381.455322265625,438.0725708007813,434.6654968261719,422.1298522949219,432.54974365234375,2021-08-12
248,442.9398498535156,uptrend,uptrend,442.9398498535156,422.1298522949219,438.2017211914063,434.6654968261719,371.2809143066406,381.455322265625,438.0725708007813,434.6654968261719,422.1298522949219,432.54974365234375,2021-08-13
249,443.9828186035156,uptrend,uptrend,443.9828186035156,422.1298522949219,438.2017211914063,434.6654968261719,371.2809143066406,381.455322265625,438.0725708007813,434.6654968261719,422.1298522949219,432.54974365234375,2021-08-16
250,441.0723876953125,reaction,uptrend,443.9828186035156,422.1298522949219,438.2017211914063,441.0723876953125,371.2809143066406,381.455322265625,443.9828186035156,434.6654968261719,422.1298522949219,438.2017211914063,2021-08-17
251,436.244873046875,reaction,reaction,443.9828186035156,422.1298522949219,438.2017211914063,436.244873046875,371.2809143066406,381.455322265625,443.9828186035156,434.6654968261719,422.1298522949219,438.2017211914063,2021-08-18
252,436.9203186035156,reaction,reaction,443.9828186035156,422.1298522949219,438.2017211914063,436.244873046875,371.2809143066406,381.455322265625,443.9828186035156,434.6654968261719,422.1298522949219,438.2017211914063,2021-08-19
253,440.39691162109375,rally,reaction,443.9828186035156,422.1298522949219,440.39691162109375,436.244873046875,371.2809143066406,381.455322265625,443.9828186035156,436.244873046875,422.1298522949219,438.2017211914063,2021-08-20
254,444.2708740234375,uptrend,rally,444.2708740234375,422.1298522949219,440.39691162109375,436.244873046875,371.2809143066406,381.455322265625,443.9828186035156,436.244873046875,422.1298522949219,438.2017211914063,2021-08-23
255,444.9761047363281,uptrend,uptrend,444.9761047363281,422.1298522949219,440.39691162109375,436.244873046875,371.2809143066406,381.455322265625,443.9828186035156,436.244873046875,422.1298522949219,438.2017211914063,2021-08-24
256,445.9098510742188,uptrend,uptrend,445.9098510742188,422.1298522949219,440.39691162109375,436.244873046875,371.2809143066406,381.455322265625,443.9828186035156,436.244873046875,422.1298522949219,438.2017211914063,2021-08-25
257,443.277587890625,reaction,uptrend,445.9098510742188,422.1298522949219,440.39691162109375,443.277587890625,371.2809143066406,381.455322265625,445.9098510742188,436.244873046875,422.1298522949219,440.39691162109375,2021-08-26
258,447.2409057617188,rally,reaction,445.9098510742188,422.1298522949219,447.2409057617188,443.277587890625,371.2809143066406,381.455322265625,445.9098510742188,443.277587890625,422.1298522949219,440.39691162109375,2021-08-27
259,449.2076721191406,uptrend,rally,449.2076721191406,422.1298522949219,447.2409057617188,443.277587890625,371.2809143066406,381.455322265625,445.9098510742188,443.277587890625,422.1298522949219,440.39691162109375,2021-08-30
260,448.5421447753906,uptrend,uptrend,449.2076721191406,422.1298522949219,447.2409057617188,443.277587890625,371.2809143066406,381.455322265625,445.9098510742188,443.277587890625,422.1298522949219,440.39691162109375,2021-08-31
261,448.780517578125,uptrend,uptrend,449.2076721191406,422.1298522949219,447.2409057617188,443.277587890625,371.2809143066406,381.455322265625,445.9098510742188,443.277587890625,422.1298522949219,440.39691162109375,2021-09-01
262,450.1612548828125,uptrend,uptrend,450.1612548828125,422.1298522949219,447.2409057617188,443.277587890625,371.2809143066406,381.455322265625,445.9098510742188,443.277587890625,422.1298522949219,440.39691162109375,2021-09-02
263,450.0519714355469,uptrend,uptrend,450.1612548828125,422.1298522949219,447.2409057617188,443.277587890625,371.2809143066406,381.455322265625,445.9098510742188,443.277587890625,422.1298522949219,440.39691162109375,2021-09-03
264,448.4427795410156,uptrend,uptrend,450.1612548828125,422.1298522949219,447.2409057617188,443.277587890625,371.2809143066406,381.455322265625,445.9098510742188,443.277587890625,422.1298522949219,440.39691162109375,2021-09-07
265,447.896484375,reaction,uptrend,450.1612548828125,422.1298522949219,447.2409057617188,447.896484375,371.2809143066406,381.455322265625,450.1612548828125,443.277587890625,422.1298522949219,447.2409057617188,2021-09-08
266,445.9794006347656,reaction,reaction,450.1612548828125,422.1298522949219,447.2409057617188,445.9794006347656,371.2809143066406,381.455322265625,450.1612548828125,443.277587890625,422.1298522949219,447.2409057617188,2021-09-09
267,442.4630432128906,reaction,reaction,450.1612548828125,422.1298522949219,447.2409057617188,442.4630432128906,371.2809143066406,381.455322265625,450.1612548828125,443.277587890625,422.1298522949219,447.2409057617188,2021-09-10
268,443.5953979492188,reaction,reaction,450.1612548828125,422.1298522949219,447.2409057617188,442.4630432128906,371.2809143066406,381.455322265625,450.1612548828125,443.277587890625,422.1298522949219,447.2409057617188,2021-09-13
269,441.2015380859375,downtrend,reaction,450.1612548828125,441.2015380859375,447.2409057617188,442.4630432128906,371.2809143066406,381.455322265625,450.1612548828125,443.277587890625,422.1298522949219,447.2409057617188,2021-09-14
270,444.8867492675781,rally,downtrend,450.1612548828125,441.2015380859375,444.8867492675781,442.4630432128906,371.2809143066406,381.455322265625,450.1612548828125,442.4630432128906,441.2015380859375,447.2409057617188,2021-09-15
271,444.1814880371094,rally,rally,450.1612548828125,441.2015380859375,444.8867492675781,442.4630432128906,371.2809143066406,381.455322265625,450.1612548828125,442.4630432128906,441.2015380859375,447.2409057617188,2021-09-16
272,439.8546752929688,reaction,rally,450.1612548828125,441.2015380859375,444.8867492675781,439.8546752929688,371.2809143066406,381.455322265625,450.1612548828125,442.4630432128906,441.2015380859375,444.8867492675781,2021-09-17
273,432.52044677734375,downtrend,reaction,450.1612548828125,432.52044677734375,444.8867492675781,439.8546752929688,371.2809143066406,381.455322265625,450.1612548828125,442.4630432128906,441.2015380859375,444.8867492675781,2021-09-20
274,432.1119079589844,downtrend,downtrend,450.1612548828125,432.1119079589844,444.8867492675781,439.8546752929688,371.2809143066406,381.455322265625,450.1612548828125,442.4630432128906,441.2015380859375,444.8867492675781,2021-09-21
275,436.3270568847656,rally,downtrend,450.1612548828125,432.1119079589844,436.3270568847656,439.8546752929688,371.2809143066406,381.455322265625,450.1612548828125,439.8546752929688,432.1119079589844,444.8867492675781,2021-09-22
276,441.6284484863281,rally,rally,450.1612548828125,432.1119079589844,441.6284484863281,439.8546752929688,371.2809143066406,381.455322265625,450.1612548828125,439.8546752929688,432.1119079589844,444.8867492675781,2021-09-23
277,442.35589599609375,rally,rally,450.1612548828125,432.1119079589844,442.35589599609375,439.8546752929688,371.2809143066406,381.455322265625,450.1612548828125,439.8546752929688,432.1119079589844,444.8867492675781,2021-09-24
278,441.0903625488281,rally,rally,450.1612548828125,432.1119079589844,442.35589599609375,439.8546752929688,371.2809143066406,381.455322265625,450.1612548828125,439.8546752929688,432.1119079589844,444.8867492675781,2021-09-27
279,432.2015686035156,reaction,rally,450.1612548828125,432.1119079589844,442.35589599609375,432.2015686035156,371.2809143066406,381.455322265625,450.1612548828125,439.8546752929688,432.1119079589844,442.35589599609375,2021-09-28
280,432.9290161132813,downtrend,reaction,450.1612548828125,432.9290161132813,442.35589599609375,432.2015686035156,371.2809143066406,381.455322265625,450.1612548828125,439.8546752929688,432.1119079589844,442.35589599609375,2021-09-29
281,427.63763427734375,downtrend,downtrend,450.1612548828125,427.63763427734375,442.35589599609375,432.2015686035156,371.2809143066406,381.455322265625,450.1612548828125,439.8546752929688,432.1119079589844,442.35589599609375,2021-09-30
282,432.7197570800781,rally,downtrend,450.1612548828125,427.63763427734375,432.7197570800781,432.2015686035156,371.2809143066406,381.455322265625,450.1612548828125,432.2015686035156,427.63763427734375,442.35589599609375,2021-10-01
283,427.1393737792969,reaction,rally,450.1612548828125,427.63763427734375,432.7197570800781,427.1393737792969,371.2809143066406,381.455322265625,450.1612548828125,432.2015686035156,427.63763427734375,432.7197570800781,2021-10-04
284,431.583740234375,second_rally,reaction,450.1612548828125,427.63763427734375,432.7197570800781,427.1393737792969,431.583740234375,381.455322265625,450.1612548828125,432.2015686035156,427.63763427734375,432.7197570800781,2021-10-05
285,433.37744140625,rally,second_rally,450.1612548828125,427.63763427734375,433.37744140625,427.1393737792969,431.583740234375,381.455322265625,450.1612548828125,427.1393737792969,427.63763427734375,432.7197570800781,2021-10-06
286,437.124267578125,uptrend,rally,437.124267578125,427.63763427734375,433.37744140625,427.1393737792969,431.583740234375,381.455322265625,450.1612548828125,427.1393737792969,427.63763427734375,432.7197570800781,2021-10-07
287,436.3270568847656,uptrend,uptrend,437.124267578125,427.63763427734375,433.37744140625,427.1393737792969,431.583740234375,381.455322265625,450.1612548828125,427.1393737792969,427.63763427734375,432.7197570800781,2021-10-08
288,433.1681823730469,reaction,uptrend,437.124267578125,427.63763427734375,433.37744140625,433.1681823730469,431.583740234375,381.455322265625,437.124267578125,427.1393737792969,427.63763427734375,433.37744140625,2021-10-11
289,432.1019287109375,reaction,reaction,437.124267578125,427.63763427734375,433.37744140625,432.1019287109375,431.583740234375,381.455322265625,437.124267578125,427.1393737792969,427.63763427734375,433.37744140625,2021-10-12
290,433.6564636230469,reaction,reaction,437.124267578125,427.63763427734375,433.37744140625,432.1019287109375,431.583740234375,381.455322265625,437.124267578125,427.1393737792969,427.63763427734375,433.37744140625,2021-10-13
291,440.9508361816406,rally,reaction,437.124267578125,427.63763427734375,440.9508361816406,432.1019287109375,431.583740234375,381.455322265625,437.124267578125,432.1019287109375,427.63763427734375,433.37744140625,2021-10-14
292,444.30902099609375,uptrend,rally,444.30902099609375,427.63763427734375,440.9508361816406,432.1019287109375,431.583740234375,381.455322265625,437.124267578125,432.1019287109375,427.63763427734375,433.37744140625,2021-10-15
293,445.6244201660156,uptrend,uptrend,445.6244201660156,427.63763427734375,440.9508361816406,432.1019287109375,431.583740234375,381.455322265625,437.124267578125,432.1019287109375,427.63763427734375,433.37744140625,2021-10-18
294,449.0623474121094,uptrend,uptrend,449.0623474121094,427.63763427734375,440.9508361816406,432.1019287109375,431.583740234375,381.455322265625,437.124267578125,432.1019287109375,427.63763427734375,433.37744140625,2021-10-19
295,450.8261413574219,uptrend,uptrend,450.8261413574219,427.63763427734375,440.9508361816406,432.1019287109375,431.583740234375,381.455322265625,437.124267578125,432.1019287109375,427.63763427734375,433.37744140625,2021-10-20
296,452.00201416015625,uptrend,uptrend,452.00201416015625,427.63763427734375,440.9508361816406,432.1019287109375,431.583740234375,381.455322265625,437.124267578125,432.1019287109375,427.63763427734375,433.37744140625,2021-10-21
297,451.5336608886719,uptrend,uptrend,452.00201416015625,427.63763427734375,440.9508361816406,432.1019287109375,431.583740234375,381.455322265625,437.124267578125,432.1019287109375,427.63763427734375,433.37744140625,2021-10-22
298,453.95513916015625,uptrend,uptrend,453.95513916015625,427.63763427734375,440.9508361816406,432.1019287109375,431.583740234375,381.455322265625,437.124267578125,432.1019287109375,427.63763427734375,433.37744140625,2021-10-25
299,454.36370849609375,uptrend,uptrend,454.36370849609375,427.63763427734375,440.9508361816406,432.1019287109375,431.583740234375,381.455322265625,437.124267578125,432.1019287109375,427.63763427734375,433.37744140625,2021-10-26
300,452.3507995605469,reaction,uptrend,454.36370849609375,427.63763427734375,440.9508361816406,452.3507995605469,431.583740234375,381.455322265625,454.36370849609375,432.1019287109375,427.63763427734375,440.9508361816406,2021-10-27
301,456.7154541015625,rally,reaction,454.36370849609375,427.63763427734375,456.7154541015625,452.3507995605469,431.583740234375,381.455322265625,454.36370849609375,452.3507995605469,427.63763427734375,440.9508361816406,2021-10-28
302,457.6421813964844,uptrend,rally,457.6421813964844,427.63763427734375,456.7154541015625,452.3507995605469,431.583740234375,381.455322265625,454.36370849609375,452.3507995605469,427.63763427734375,440.9508361816406,2021-10-29
303,458.429443359375,uptrend,uptrend,458.429443359375,427.63763427734375,456.7154541015625,452.3507995605469,431.583740234375,381.455322265625,454.36370849609375,452.3507995605469,427.63763427734375,440.9508361816406,2021-11-01
304,460.2828979492188,uptrend,uptrend,460.2828979492188,427.63763427734375,456.7154541015625,452.3507995605469,431.583740234375,381.455322265625,454.36370849609375,452.3507995605469,427.63763427734375,440.9508361816406,2021-11-02
305,463.0930480957031,uptrend,uptrend,463.0930480957031,427.63763427734375,456.7154541015625,452.3507995605469,431.583740234375,381.455322265625,454.36370849609375,452.3507995605469,427.63763427734375,440.9508361816406,2021-11-03
306,465.275390625,uptrend,uptrend,465.275390625,427.63763427734375,456.7154541015625,452.3507995605469,431.583740234375,381.455322265625,454.36370849609375,452.3507995605469,427.63763427734375,440.9508361816406,2021-11-04
307,466.88970947265625,uptrend,uptrend,466.88970947265625,427.63763427734375,456.7154541015625,452.3507995605469,431.583740234375,381.455322265625,454.36370849609375,452.3507995605469,427.63763427734375,440.9508361816406,2021-11-05
308,467.2882995605469,uptrend,uptrend,467.2882995605469,427.63763427734375,456.7154541015625,452.3507995605469,431.583740234375,381.455322265625,454.36370849609375,452.3507995605469,427.63763427734375,440.9508361816406,2021-11-08
309,465.7437438964844,uptrend,uptrend,467.2882995605469,427.63763427734375,456.7154541015625,452.3507995605469,431.583740234375,381.455322265625,454.36370849609375,452.3507995605469,427.63763427734375,440.9508361816406,2021-11-09
310,461.9968872070313,reaction,uptrend,467.2882995605469,427.63763427734375,456.7154541015625,461.9968872070313,431.583740234375,381.455322265625,467.2882995605469,452.3507995605469,427.63763427734375,456.7154541015625,2021-11-10
311,462.1463623046875,reaction,reaction,467.2882995605469,427.63763427734375,456.7154541015625,461.9968872070313,431.583740234375,381.455322265625,467.2882995605469,452.3507995605469,427.63763427734375,456.7154541015625,2021-11-11
312,465.6340942382813,rally,reaction,467.2882995605469,427.63763427734375,465.6340942382813,461.9968872070313,431.583740234375,381.455322265625,467.2882995605469,461.9968872070313,427.63763427734375,456.7154541015625,2021-11-12
313,465.7935485839844,uptrend,rally,465.7935485839844,427.63763427734375,465.6340942382813,461.9968872070313,431.583740234375,381.455322265625,467.2882995605469,461.9968872070313,427.63763427734375,456.7154541015625,2021-11-15
314,467.6370849609375,uptrend,uptrend,467.6370849609375,427.63763427734375,465.6340942382813,461.9968872070313,431.583740234375,381.455322265625,467.2882995605469,461.9968872070313,427.63763427734375,456.7154541015625,2021-11-16
315,466.5010986328125,uptrend,uptrend,467.6370849609375,427.63763427734375,465.6340942382813,461.9968872070313,431.583740234375,381.455322265625,467.2882995605469,461.9968872070313,427.63763427734375,456.7154541015625,2021-11-17
316,468.0855102539063,uptrend,uptrend,468.0855102539063,427.63763427734375,465.6340942382813,461.9968872070313,431.583740234375,381.455322265625,467.2882995605469,461.9968872070313,427.63763427734375,456.7154541015625,2021-11-18
317,467.24847412109375,uptrend,uptrend,468.0855102539063,427.63763427734375,465.6340942382813,461.9968872070313,431.583740234375,381.455322265625,467.2882995605469,461.9968872070313,427.63763427734375,456.7154541015625,2021-11-19
318,465.9330749511719,reaction,uptrend,468.0855102539063,427.63763427734375,465.6340942382813,465.9330749511719,431.583740234375,381.455322265625,468.0855102539063,461.9968872070313,427.63763427734375,465.6340942382813,2021-11-22
319,466.5509033203125,reaction,reaction,468.0855102539063,427.63763427734375,465.6340942382813,465.9330749511719,431.583740234375,381.455322265625,468.0855102539063,461.9968872070313,427.63763427734375,465.6340942382813,2021-11-23
320,467.7965087890625,reaction,reaction,468.0855102539063,427.63763427734375,465.6340942382813,465.9330749511719,431.583740234375,381.455322265625,468.0855102539063,461.9968872070313,427.63763427734375,465.6340942382813,2021-11-24
321,457.3631896972656,downtrend,reaction,468.0855102539063,457.3631896972656,465.6340942382813,465.9330749511719,431.583740234375,381.455322265625,468.0855102539063,461.9968872070313,427.63763427734375,465.6340942382813,2021-11-26
322,462.9734802246094,rally,downtrend,468.0855102539063,457.3631896972656,462.9734802246094,465.9330749511719,431.583740234375,381.455322265625,468.0855102539063,465.9330749511719,457.3631896972656,465.6340942382813,2021-11-29
323,453.9651184082031,reaction,rally,468.0855102539063,457.3631896972656,462.9734802246094,453.9651184082031,431.583740234375,381.455322265625,468.0855102539063,465.9330749511719,457.3631896972656,462.9734802246094,2021-11-30
324,448.9228210449219,downtrend,reaction,468.0855102539063,448.9228210449219,462.9734802246094,453.9651184082031,431.583740234375,381.455322265625,468.0855102539063,465.9330749511719,457.3631896972656,462.9734802246094,2021-12-01
325,455.7986755371094,rally,downtrend,468.0855102539063,448.9228210449219,455.7986755371094,453.9651184082031,431.583740234375,381.455322265625,468.0855102539063,453.9651184082031,448.9228210449219,462.9734802246094,2021-12-02
326,451.8326110839844,reaction,rally,468.0855102539063,448.9228210449219,455.7986755371094,451.8326110839844,431.583740234375,381.455322265625,468.0855102539063,453.9651184082031,448.9228210449219,455.7986755371094,2021-12-03
327,457.1838073730469,rally,reaction,468.0855102539063,448.9228210449219,457.1838073730469,451.8326110839844,431.583740234375,381.455322265625,468.0855102539063,451.8326110839844,448.9228210449219,455.7986755371094,2021-12-06
328,466.6405944824219,uptrend,rally,466.6405944824219,448.9228210449219,457.1838073730469,451.8326110839844,431.583740234375,381.455322265625,468.0855102539063,451.8326110839844,448.9228210449219,455.7986755371094,2021-12-07
329,467.876220703125,uptrend,uptrend,467.876220703125,448.9228210449219,457.1838073730469,451.8326110839844,431.583740234375,381.455322265625,468.0855102539063,451.8326110839844,448.9228210449219,455.7986755371094,2021-12-08
330,464.7173461914063,reaction,uptrend,467.876220703125,448.9228210449219,457.1838073730469,464.7173461914063,431.583740234375,381.455322265625,467.876220703125,451.8326110839844,448.9228210449219,457.1838073730469,2021-12-09
331,469.0919494628906,rally,reaction,467.876220703125,448.9228210449219,469.0919494628906,464.7173461914063,431.583740234375,381.455322265625,467.876220703125,464.7173461914063,448.9228210449219,457.1838073730469,2021-12-10
332,464.93658447265625,uptrend,rally,464.93658447265625,448.9228210449219,469.0919494628906,464.7173461914063,431.583740234375,381.455322265625,467.876220703125,464.7173461914063,448.9228210449219,457.1838073730469,2021-12-13
333,461.73779296875,reaction,uptrend,464.93658447265625,448.9228210449219,469.0919494628906,461.73779296875,431.583740234375,381.455322265625,464.93658447265625,464.7173461914063,448.9228210449219,469.0919494628906,2021-12-14
334,468.9524536132813,second_rally,reaction,464.93658447265625,448.9228210449219,469.0919494628906,461.73779296875,468.9524536132813,381.455322265625,464.93658447265625,464.7173461914063,448.9228210449219,469.0919494628906,2021-12-15
335,464.8169860839844,second_rally,second_rally,464.93658447265625,448.9228210449219,469.0919494628906,461.73779296875,464.8169860839844,381.455322265625,464.93658447265625,464.7173461914063,448.9228210449219,469.0919494628906,2021-12-16
336,459.8699951171875,reaction,second_rally,464.93658447265625,448.9228210449219,469.0919494628906,459.8699951171875,464.8169860839844,381.455322265625,464.93658447265625,464.7173461914063,448.9228210449219,469.0919494628906,2021-12-17
337,454.9800109863281,downtrend,reaction,464.93658447265625,454.9800109863281,469.0919494628906,459.8699951171875,464.8169860839844,381.455322265625,464.93658447265625,464.7173461914063,448.9228210449219,469.0919494628906,2021-12-20
338,463.05999755859375,rally,downtrend,464.93658447265625,454.9800109863281,463.05999755859375,459.8699951171875,464.8169860839844,381.455322265625,464.93658447265625,459.8699951171875,454.9800109863281,469.0919494628906,2021-12-21
339,467.6900024414063,uptrend,rally,467.6900024414063,454.9800109863281,463.05999755859375,459.8699951171875,464.8169860839844,381.455322265625,464.93658447265625,459.8699951171875,454.9800109863281,469.0919494628906,2021-12-22
340,470.6000061035156,uptrend,uptrend,470.6000061035156,454.9800109863281,463.05999755859375,459.8699951171875,464.8169860839844,381.455322265625,464.93658447265625,459.8699951171875,454.9800109863281,469.0919494628906,2021-12-23
341,477.260009765625,uptrend,uptrend,477.260009765625,454.9800109863281,463.05999755859375,459.8699951171875,464.8169860839844,381.455322265625,464.93658447265625,459.8699951171875,454.9800109863281,469.0919494628906,2021-12-27
342,476.8699951171875,uptrend,uptrend,477.260009765625,454.9800109863281,463.05999755859375,459.8699951171875,464.8169860839844,381.455322265625,464.93658447265625,459.8699951171875,454.9800109863281,469.0919494628906,2021-12-28
343,477.4800109863281,uptrend,uptrend,477.4800109863281,454.9800109863281,463.05999755859375,459.8699951171875,464.8169860839844,381.455322265625,464.93658447265625,459.8699951171875,454.9800109863281,469.0919494628906,2021-12-29
344,476.1600036621094,uptrend,uptrend,477.4800109863281,454.9800109863281,463.05999755859375,459.8699951171875,464.8169860839844,381.455322265625,464.93658447265625,459.8699951171875,454.9800109863281,469.0919494628906,2021-12-30
345,474.9599914550781,reaction,uptrend,477.4800109863281,454.9800109863281,463.05999755859375,474.9599914550781,464.8169860839844,381.455322265625,477.4800109863281,459.8699951171875,454.9800109863281,463.05999755859375,2021-12-31
346,477.7099914550781,rally,reaction,477.4800109863281,454.9800109863281,477.7099914550781,474.9599914550781,464.8169860839844,381.455322265625,477.4800109863281,474.9599914550781,454.9800109863281,463.05999755859375,2022-01-03
347,477.5499877929688,uptrend,rally,477.5499877929688,454.9800109863281,477.7099914550781,474.9599914550781,464.8169860839844,381.455322265625,477.4800109863281,474.9599914550781,454.9800109863281,463.05999755859375,2022-01-04
348,468.3800048828125,reaction,uptrend,477.5499877929688,454.9800109863281,477.7099914550781,468.3800048828125,464.8169860839844,381.455322265625,477.5499877929688,474.9599914550781,454.9800109863281,477.7099914550781,2022-01-05
349,467.9400024414063,downtrend,reaction,477.5499877929688,467.9400024414063,477.7099914550781,468.3800048828125,464.8169860839844,381.455322265625,477.5499877929688,474.9599914550781,454.9800109863281,477.7099914550781,2022-01-06
350,466.0899963378906,downtrend,downtrend,477.5499877929688,466.0899963378906,477.7099914550781,468.3800048828125,464.8169860839844,381.455322265625,477.5499877929688,474.9599914550781,454.9800109863281,477.7099914550781,2022-01-07
351,465.510009765625,downtrend,downtrend,477.5499877929688,465.510009765625,477.7099914550781,468.3800048828125,464.8169860839844,381.455322265625,477.5499877929688,474.9599914550781,454.9800109863281,477.7099914550781,2022-01-10
352,469.75,rally,downtrend,477.5499877929688,465.510009765625,469.75,468.3800048828125,464.8169860839844,381.455322265625,477.5499877929688,468.3800048828125,465.510009765625,477.7099914550781,2022-01-11
353,471.0199890136719,rally,rally,477.5499877929688,465.510009765625,471.0199890136719,468.3800048828125,464.8169860839844,381.455322265625,477.5499877929688,468.3800048828125,465.510009765625,477.7099914550781,2022-01-12
354,464.5299987792969,reaction,rally,477.5499877929688,465.510009765625,471.0199890136719,464.5299987792969,464.8169860839844,381.455322265625,477.5499877929688,468.3800048828125,465.510009765625,471.0199890136719,2022-01-13
355,464.7200012207031,downtrend,reaction,477.5499877929688,464.7200012207031,471.0199890136719,464.5299987792969,464.8169860839844,381.455322265625,477.5499877929688,468.3800048828125,465.510009765625,471.0199890136719,2022-01-14
356,456.489990234375,downtrend,downtrend,477.5499877929688,456.489990234375,471.0199890136719,464.5299987792969,464.8169860839844,381.455322265625,477.5499877929688,468.3800048828125,465.510009765625,471.0199890136719,2022-01-18
357,451.75,downtrend,downtrend,477.5499877929688,451.75,471.0199890136719,464.5299987792969,464.8169860839844,381.455322265625,477.5499877929688,468.3800048828125,465.510009765625,471.0199890136719,2022-01-19
358,446.75,downtrend,downtrend,477.5499877929688,446.75,471.0199890136719,464.5299987792969,464.8169860839844,381.455322265625,477.5499877929688,468.3800048828125,465.510009765625,471.0199890136719,2022-01-20
359,437.9800109863281,downtrend,downtrend,477.5499877929688,437.9800109863281,471.0199890136719,464.5299987792969,464.8169860839844,381.455322265625,477.5499877929688,468.3800048828125,465.510009765625,471.0199890136719,2022-01-21
360,439.8399963378906,downtrend,downtrend,477.5499877929688,437.9800109863281,471.0199890136719,464.5299987792969,464.8169860839844,381.455322265625,477.5499877929688,468.3800048828125,465.510009765625,471.0199890136719,2022-01-24
361,434.4700012207031,downtrend,downtrend,477.5499877929688,434.4700012207031,471.0199890136719,464.5299987792969,464.8169860839844,381.455322265625,477.5499877929688,468.3800048828125,465.510009765625,471.0199890136719,2022-01-25
362,433.3800048828125,downtrend,downtrend,477.5499877929688,433.3800048828125,471.0199890136719,464.5299987792969,464.8169860839844,381.455322265625,477.5499877929688,468.3800048828125,465.510009765625,471.0199890136719,2022-01-26
363,431.239990234375,downtrend,downtrend,477.5499877929688,431.239990234375,471.0199890136719,464.5299987792969,464.8169860839844,381.455322265625,477.5499877929688,468.3800048828125,465.510009765625,471.0199890136719,2022-01-27
364,441.9500122070313,rally,downtrend,477.5499877929688,431.239990234375,441.9500122070313,464.5299987792969,464.8169860839844,381.455322265625,477.5499877929688,464.5299987792969,431.239990234375,471.0199890136719,2022-01-28
